Data,Competição,Hora,Minuto,Times,Ambos Marcam,1x,2x,3x,4x,5x
30/11/2025,Copa do Mundo,7,1,Suíça x Tunísia,Sim,,,,,
30/11/2025,Copa do Mundo,7,4,EUA x Irã,Não,,,,,
30/11/2025,Copa do Mundo,7,7,Países Baixos x Dinamarca,Não,Não,,,,
30/11/2025,Copa do Mundo,7,10,Austrália x México,Não,Sim,Não,,,
30/11/2025,Copa do Mundo,7,13,Gana x Japão,Não,Sim,Sim,Não,,
30/11/2025,Copa do Mundo,7,16,México x Brasil,Não,Sim,Sim,Sim,Não,
30/11/2025,Copa do Mundo,7,19,Coreia do Sul x Marrocos,Não,Sim,Sim,Sim,Sim,Não
30/11/2025,Copa do Mundo,7,22,Canadá x Suíça,Não,Sim,Sim,Sim,Sim,Sim
30/11/2025,Copa do Mundo,7,25,Coreia do Sul x Polônia,Não,Sim,Sim,Sim,Sim,Sim
30/11/2025,Copa do Mundo,7,28,Bélgica x Canadá,Não,Sim,Sim,Sim,Sim,Sim
30/11/2025,Copa do Mundo,7,31,Suíça x Coreia do Sul,Não,Sim,Sim,Sim,Sim,Sim
30/11/2025,Copa do Mundo,7,34,México x Canadá,Sim,Não,Não,Não,Não,Não
30/11/2025,Copa do Mundo,7,37,Portugal x Senegal,Não,Sim,Sim,Sim,Sim,Sim
30/11/2025,Copa do Mundo,7,40,Alemanha x EUA,Não,Não,Sim,Sim,Sim,Sim
30/11/2025,Copa do Mundo,7,43,Coreia do Sul x Gana,Não,Sim,Não,Sim,Sim,Sim
30/11/2025,Copa do Mundo,7,46,EUA x Camarões,Sim,Não,Não,Sim,Não,Não
30/11/2025,Copa do Mundo,7,49,Espanha x Tunísia,Sim,Não,Não,Não,Sim,Não
30/11/2025,Copa do Mundo,7,52,Equador x Gana,Sim,Sim,Não,Não,Não,Sim
30/11/2025,Copa do Mundo,7,55,Dinamarca x Costa Rica,Sim,Sim,Sim,Não,Não,Não
30/11/2025,Copa do Mundo,7,58,Brasil x Croácia,Sim,Sim,Sim,Sim,Não,Não
30/11/2025,Copa do Mundo,8,1,EUA x Portugal,Não,Não,Não,Não,Não,Sim
30/11/2025,Copa do Mundo,8,4,Qatar x Arábia Saudita,Não,Não,Não,Não,Não,Não
30/11/2025,Copa do Mundo,8,7,Croácia x Países Baixos,Não,Sim,Não,Não,Não,Não
30/11/2025,Copa do Mundo,8,10,Inglaterra x Irã,Não,Sim,Sim,Não,Não,Não
30/11/2025,Copa do Mundo,8,13,Países Baixos x México,Sim,Não,Não,Não,Sim,Sim
30/11/2025,Copa do Mundo,8,16,Senegal x Costa Rica,Sim,Não,Não,Não,Não,Sim
30/11/2025,Copa do Mundo,8,19,Inglaterra x Portugal,Não,Não,Sim,Sim,Sim,Sim
30/11/2025,Copa do Mundo,8,22,EUA x Canadá,Não,Não,Não,Sim,Sim,Sim
30/11/2025,Copa do Mundo,8,25,Suíça x Argentina,Sim,Não,Sim,Sim,Não,Não
30/11/2025,Copa do Mundo,8,28,Alemanha x Costa Rica,Sim,Não,Não,Sim,Sim,Não
30/11/2025,Copa do Mundo,8,31,Qatar x Canadá,Sim,Sim,Não,Não,Sim,Sim
30/11/2025,Copa do Mundo,8,34,Brasil x Dinamarca,Sim,Sim,Sim,Não,Não,Sim
30/11/2025,Copa do Mundo,8,37,Bélgica x Sérvia,Não,Não,Não,Não,Sim,Sim
30/11/2025,Copa do Mundo,8,43,Porto Alegre x Buenos Aires,Não,Não,Não,Não,Não,Sim
30/11/2025,Copa do Mundo,8,46,La Plata x La Boca,Não,Sim,Não,Não,Não,Não
30/11/2025,Copa do Mundo,8,49,Santiago x Buenos Aires,Não,Sim,Sim,Não,Não,Não
30/11/2025,Copa do Mundo,8,52,Itaquera x Avellaneda,Não,Sim,Sim,Sim,Não,Não
30/11/2025,Copa do Mundo,8,55,Penarol x Bogota,Sim,Não,Não,Não,Não,Sim
30/11/2025,Copa do Mundo,8,58,Santos x Rio de Janeiro,Não,Sim,Sim,Sim,Sim,Sim
30/11/2025,Copa do Mundo,9,1,Itaquera x Agua Branca,Não,Não,Sim,Sim,Sim,Sim
30/11/2025,Copa do Mundo,9,4,La Plata x Asuncion,Sim,Não,Sim,Não,Não,Não
30/11/2025,Copa do Mundo,9,7,Rio de Janeiro x Santos,Não,Sim,Sim,Não,Sim,Sim
30/11/2025,Copa do Mundo,9,10,Bogota x Santiago,Não,Não,Sim,Sim,Não,Sim
30/11/2025,Copa do Mundo,9,13,Penarol x Sao Paulo,Não,Sim,Não,Sim,Sim,Não
30/11/2025,Copa do Mundo,9,16,Buenos Aires x La Plata,Sim,Não,Não,Sim,Não,Não
30/11/2025,Copa do Mundo,9,19,Penarol x Porto Alegre,Não,Sim,Sim,Sim,Não,Sim
30/11/2025,Copa do Mundo,9,22,Medellin x Belo Horizonte,Não,Não,Sim,Sim,Sim,Não
30/11/2025,Copa do Mundo,9,25,Quito x Santiago,Não,Sim,Não,Sim,Sim,Sim
30/11/2025,Copa do Mundo,9,28,Montevideo x La Plata,Não,Sim,Sim,Não,Sim,Sim
30/11/2025,Copa do Mundo,9,31,Guayaquil x Quito,Sim,Não,Não,Não,Sim,Não
30/11/2025,Copa do Mundo,9,34,Itaquera x Asuncion,Não,Sim,Sim,Sim,Sim,Não
30/11/2025,Copa do Mundo,9,37,La Boca x Rio de Janeiro,Não,Não,Sim,Sim,Sim,Sim
30/11/2025,Copa do Mundo,9,40,Santos x Buenos Aires,Sim,Não,Sim,Não,Não,Não
30/11/2025,Copa do Mundo,9,43,Medellin x Asuncion,Não,Sim,Sim,Não,Sim,Sim
30/11/2025,Copa do Mundo,9,46,Montevideo x Santos,Sim,Sim,Não,Não,Sim,Não
30/11/2025,Copa do Mundo,9,49,Quito x Lima,Sim,Não,Sim,Não,Não,Sim
30/11/2025,Copa do Mundo,9,52,Penarol x Asuncion,Não,Não,Sim,Não,Sim,Sim
30/11/2025,Copa do Mundo,9,55,Avellaneda x Santos,Não,Não,Não,Sim,Não,Sim
30/11/2025,Copa do Mundo,9,58,Lima x Bogota,Sim,Não,Sim,Sim,Não,Sim
30/11/2025,Copa do Mundo,10,1,Santos x Santiago,Não,Sim,Sim,Não,Não,Sim
30/11/2025,Copa do Mundo,10,4,Guayaquil x La Boca,Não,Não,Sim,Sim,Não,Não
30/11/2025,Copa do Mundo,10,7,Rio de Janeiro x Buenos Aires,Não,Sim,Não,Sim,Sim,Não
30/11/2025,Copa do Mundo,10,10,Belo Horizonte x Sao Paulo,Sim,Não,Não,Sim,Não,Não
30/11/2025,Copa do Mundo,10,13,Montevideo x Guayaquil,Não,Sim,Sim,Sim,Não,Sim
30/11/2025,Copa do Mundo,10,16,Agua Branca x Bogota,Sim,Sim,Não,Não,Não,Sim
30/11/2025,Copa do Mundo,10,19,Belo Horizonte x Porto Alegre,Não,Sim,Não,Sim,Sim,Sim
30/11/2025,Copa do Mundo,10,22,Quito x Sao Paulo,Sim,Sim,Não,Sim,Não,Não
30/11/2025,Copa do Mundo,10,25,Avellaneda x Agua Branca,Sim,Não,Sim,Não,Sim,Não
30/11/2025,Copa do Mundo,10,28,Buenos Aires x Santiago,Sim,Sim,Não,Sim,Não,Sim
30/11/2025,Copa do Mundo,10,31,Santos x La Boca,Não,Não,Não,Sim,Não,Sim
30/11/2025,Copa do Mundo,10,34,La Plata x Porto Alegre,Sim,Sim,Sim,Sim,Não,Sim
30/11/2025,Copa do Mundo,10,37,Asuncion x Belo Horizonte,Sim,Não,Sim,Sim,Sim,Não
30/11/2025,Copa do Mundo,10,40,Santiago x La Boca,Sim,Sim,Não,Sim,Sim,Sim
30/11/2025,Copa do Mundo,10,43,Penarol x Rio de Janeiro,Sim,Sim,Sim,Não,Sim,Sim
30/11/2025,Copa do Mundo,10,46,Asuncion x Sao Paulo,Sim,Sim,Sim,Sim,Não,Sim
30/11/2025,Copa do Mundo,10,49,Porto Alegre x Itaquera,Não,Não,Não,Não,Não,Sim
30/11/2025,Copa do Mundo,10,52,Sao Paulo x Asuncion,Sim,Sim,Sim,Sim,Sim,Sim
30/11/2025,Copa do Mundo,10,55,Lima x La Boca,Sim,Não,Sim,Sim,Sim,Sim
30/11/2025,Copa do Mundo,10,58,Penarol x Avellaneda,Sim,Sim,Não,Sim,Sim,Sim
30/11/2025,Copa do Mundo,11,1,Asuncion x Lima,Sim,Sim,Sim,Não,Sim,Sim
30/11/2025,Copa do Mundo,11,4,Sao Paulo x Rio de Janeiro,Não,Não,Não,Não,Sim,Não
30/11/2025,Copa do Mundo,11,7,Agua Branca x Asuncion,Não,Não,Não,Não,Não,Sim
30/11/2025,Copa do Mundo,11,10,Rio de Janeiro x Quito,Não,Sim,Não,Não,Não,Não
30/11/2025,Copa do Mundo,11,13,Sao Paulo x Bogota,Sim,Não,Não,Sim,Sim,Sim
30/11/2025,Copa do Mundo,11,16,Medellin x Santiago,Sim,Não,Não,Não,Sim,Sim
30/11/2025,Copa do Mundo,11,19,Rio de Janeiro x La Boca,Não,Não,Sim,Sim,Sim,Não
30/11/2025,Copa do Mundo,11,22,Asuncion x Guayaquil,Não,Não,Não,Sim,Sim,Sim
30/11/2025,Copa do Mundo,11,25,Penarol x Buenos Aires,Sim,Não,Sim,Sim,Não,Não
30/11/2025,Copa do Mundo,11,28,Sao Paulo x Agua Branca,Não,Sim,Sim,Não,Não,Sim
30/11/2025,Copa do Mundo,11,31,Buenos Aires x Montevideo,Não,Não,Sim,Sim,Não,Não
30/11/2025,Copa do Mundo,11,34,Medellin x La Plata,Não,Sim,Não,Sim,Sim,Não
30/11/2025,Copa do Mundo,11,37,Agua Branca x Guayaquil,Sim,Não,Não,Sim,Não,Não
30/11/2025,Copa do Mundo,11,40,Quito x Montevideo,Não,Sim,Sim,Sim,Não,Sim
30/11/2025,Copa do Mundo,11,43,Rio de Janeiro x La Plata,Não,Não,Sim,Sim,Sim,Não
30/11/2025,Copa do Mundo,11,46,Montevideo x Asuncion,Não,Sim,Não,Sim,Sim,Sim
30/11/2025,Copa do Mundo,11,49,Porto Alegre x Lima,Não,Sim,Sim,Não,Sim,Sim
30/11/2025,Copa do Mundo,11,52,Medellin x La Boca,Não,Sim,Sim,Sim,Não,Sim
30/11/2025,Copa do Mundo,11,55,Bogota x Agua Branca,Sim,Não,Não,Não,Não,Sim
30/11/2025,Copa do Mundo,11,58,Medellin x Buenos Aires,Não,Sim,Sim,Sim,Sim,Sim
30/11/2025,Copa do Mundo,12,1,Guayaquil x Asuncion,Não,Não,Sim,Sim,Sim,Sim
30/11/2025,Copa do Mundo,12,4,Itaquera x Medellin,Não,Sim,Não,Sim,Sim,Sim
30/11/2025,Copa do Mundo,12,7,Penarol x La Plata,Não,Sim,Sim,Não,Sim,Sim
30/11/2025,Copa do Mundo,12,10,La Boca x Belo Horizonte,Sim,Não,Não,Não,Sim,Não
30/11/2025,Copa do Mundo,12,13,Lima x Guayaquil,Sim,Não,Não,Não,Não,Sim
30/11/2025,Copa do Mundo,12,16,Bogota x Rio de Janeiro,Não,Não,Sim,Sim,Sim,Sim
30/11/2025,Copa do Mundo,12,19,La Boca x Sao Paulo,Não,Não,Não,Sim,Sim,Sim
30/11/2025,Copa do Mundo,12,22,Buenos Aires x Itaquera,Sim,Não,Sim,Sim,Não,Não
30/11/2025,Copa do Mundo,12,25,Sao Paulo x Belo Horizonte,Sim,Não,Não,Sim,Sim,Não
30/11/2025,Copa do Mundo,12,28,Alemanha x Gana,Sim,Sim,Não,Não,Sim,Sim
30/11/2025,Copa do Mundo,12,34,Itaquera x Quito,Não,Não,Não,Sim,Sim,Não
30/11/2025,Copa do Mundo,12,37,Belo Horizonte x Avellaneda,Não,Não,Não,Não,Sim,Sim
30/11/2025,Copa do Mundo,12,40,Buenos Aires x La Boca,Não,Sim,Não,Não,Não,Sim
30/11/2025,Copa do Mundo,12,43,Rio de Janeiro x Santiago,Sim,Não,Não,Sim,Sim,Sim
30/11/2025,Copa do Mundo,12,46,Avellaneda x Asuncion,Sim,Não,Não,Não,Sim,Sim
30/11/2025,Copa do Mundo,12,49,La Plata x Penarol,Não,Não,Sim,Sim,Sim,Não
30/11/2025,Copa do Mundo,12,52,Belo Horizonte x Buenos Aires,Sim,Sim,Sim,Não,Não,Não
30/11/2025,Copa do Mundo,12,55,Itaquera x Penarol,Não,Sim,Não,Não,Sim,Sim
30/11/2025,Copa do Mundo,12,58,Sao Paulo x Montevideo,Sim,Sim,Não,Sim,Sim,Não
30/11/2025,Copa do Mundo,13,1,Porto Alegre x Asuncion,Sim,Não,Sim,Não,Sim,Sim
30/11/2025,Copa do Mundo,13,4,Penarol x Quito,Não,Não,Sim,Não,Sim,Não
30/11/2025,Copa do Mundo,13,7,Agua Branca x Santos,Não,Não,Não,Sim,Não,Sim
30/11/2025,Copa do Mundo,13,10,Buenos Aires x Medellin,Não,Sim,Não,Não,Sim,Não
30/11/2025,Copa do Mundo,13,13,Santiago x Rio de Janeiro,Sim,Não,Não,Sim,Sim,Não
30/11/2025,Copa do Mundo,13,16,Lima x Belo Horizonte,Sim,Não,Não,Não,Sim,Sim
30/11/2025,Copa do Mundo,13,19,Quito x Porto Alegre,Sim,Sim,Não,Não,Não,Sim
30/11/2025,Copa do Mundo,13,22,Sao Paulo x Santiago,Não,Não,Não,Sim,Sim,Sim
30/11/2025,Copa do Mundo,13,25,La Plata x Rio de Janeiro,Sim,Sim,Sim,Sim,Não,Não
30/11/2025,Copa do Mundo,13,28,Santos x Sao Paulo,Não,Sim,Não,Não,Não,Sim
30/11/2025,Copa do Mundo,13,31,Santiago x Medellin,Sim,Sim,Não,Sim,Sim,Sim
30/11/2025,Copa do Mundo,13,34,Guayaquil x Avellaneda,Não,Sim,Não,Sim,Não,Não
30/11/2025,Copa do Mundo,13,37,Agua Branca x Belo Horizonte,Sim,Sim,Não,Sim,Não,Sim
30/11/2025,Copa do Mundo,13,40,Bogota x Guayaquil,Não,Sim,Não,Sim,Não,Sim
30/11/2025,Copa do Mundo,13,43,La Boca x Santos,Sim,Sim,Não,Sim,Não,Sim
30/11/2025,Copa do Mundo,13,46,Montevideo x Bogota,Não,Sim,Não,Sim,Não,Sim
30/11/2025,Copa do Mundo,13,49,Sao Paulo x Penarol,Sim,Sim,Não,Sim,Não,Sim
30/11/2025,Copa do Mundo,13,52,Santiago x Santos,Sim,Não,Sim,Não,Sim,Não
30/11/2025,Copa do Mundo,13,55,Quito x Agua Branca,Não,Não,Sim,Não,Sim,Não
30/11/2025,Copa do Mundo,13,58,La Plata x Buenos Aires,Não,Não,Não,Sim,Não,Sim
30/11/2025,Copa do Mundo,14,1,Montevideo x Quito,Não,Sim,Não,Não,Sim,Não
30/11/2025,Copa do Mundo,14,4,Lima x Rio de Janeiro,Sim,Não,Não,Sim,Sim,Não
30/11/2025,Copa do Mundo,14,7,Asuncion x Santiago,Sim,Não,Não,Não,Sim,Sim
30/11/2025,Copa do Mundo,14,10,Bogota x Montevideo,Não,Não,Sim,Sim,Sim,Não
30/11/2025,Copa do Mundo,14,13,Santos x Asuncion,Sim,Sim,Sim,Não,Não,Não
30/11/2025,Copa do Mundo,14,16,Avellaneda x Santiago,Sim,Não,Sim,Sim,Não,Não
30/11/2025,Copa do Mundo,14,19,Belo Horizonte x Medellin,Não,Não,Sim,Não,Não,Sim
30/11/2025,Copa do Mundo,14,22,Avellaneda x Quito,Sim,Sim,Sim,Não,Sim,Sim
30/11/2025,Copa do Mundo,14,25,Itaquera x La Plata,Não,Sim,Não,Não,Sim,Não
30/11/2025,Copa do Mundo,14,28,Santos x Avellaneda,Não,Não,Sim,Não,Não,Sim
30/11/2025,Copa do Mundo,14,31,Asuncion x Quito,Sim,Não,Sim,Não,Sim,Sim
30/11/2025,Copa do Mundo,14,34,Montevideo x Belo Horizonte,Não,Sim,Sim,Não,Sim,Não
30/11/2025,Copa do Mundo,14,37,Quito x Santos,Sim,Sim,Não,Não,Sim,Não
30/11/2025,Copa do Mundo,14,40,La Boca x Agua Branca,Sim,Não,Sim,Não,Não,Sim
30/11/2025,Copa do Mundo,14,43,Guayaquil x Medellin,Não,Não,Sim,Não,Sim,Sim
30/11/2025,Copa do Mundo,14,46,Sao Paulo x Buenos Aires,Sim,Sim,Sim,Não,Sim,Não
30/11/2025,Copa do Mundo,14,49,Bogota x Lima,Sim,Não,Sim,Sim,Não,Sim
30/11/2025,Copa do Mundo,14,52,Rio de Janeiro x Porto Alegre,Sim,Sim,Não,Sim,Sim,Não
30/11/2025,Copa do Mundo,14,55,Quito x La Plata,Sim,Sim,Sim,Não,Sim,Sim
30/11/2025,Copa do Mundo,14,58,Porto Alegre x Rio de Janeiro,Sim,Sim,Sim,Sim,Não,Sim
30/11/2025,Copa do Mundo,15,1,La Plata x Medellin,Não,Não,Não,Não,Não,Sim
30/11/2025,Copa do Mundo,15,4,Itaquera x Buenos Aires,Não,Não,Não,Não,Não,Não
30/11/2025,Copa do Mundo,15,7,La Boca x Lima,Sim,Não,Sim,Sim,Sim,Sim
30/11/2025,Copa do Mundo,15,10,Santiago x Penarol,Sim,Não,Não,Sim,Sim,Sim
30/11/2025,Copa do Mundo,15,13,Bogota x Santos,Sim,Sim,Não,Não,Sim,Sim
30/11/2025,Copa do Mundo,15,16,Belo Horizonte x Lima,Sim,Sim,Sim,Não,Não,Sim
30/11/2025,Copa do Mundo,15,19,Montevideo x Buenos Aires,Não,Não,Não,Não,Sim,Sim
30/11/2025,Copa do Mundo,15,22,Avellaneda x La Boca,Sim,Sim,Sim,Sim,Sim,Não
30/11/2025,Copa do Mundo,15,25,Medellin x Santos,Sim,Não,Sim,Sim,Sim,Sim
30/11/2025,Copa do Mundo,15,28,Santiago x La Plata,Sim,Sim,Não,Sim,Sim,Sim
30/11/2025,Copa do Mundo,15,31,Agua Branca x Lima,Não,Não,Não,Sim,Não,Não
30/11/2025,Copa do Mundo,15,34,Irã x Dinamarca,Não,Não,Não,Não,Sim,Não
30/11/2025,Copa do Mundo,15,37,Gana x Alemanha,Não,Sim,Não,Não,Não,Sim
30/11/2025,Copa do Mundo,15,40,Equador x Senegal,Sim,Não,Não,Sim,Sim,Sim
30/11/2025,Copa do Mundo,15,43,Austrália x Uruguai,Não,Sim,Sim,Sim,Não,Não
30/11/2025,Euro Cup,7,2,Itália x República Tcheca,Não,,,,,
30/11/2025,Euro Cup,7,5,Sérvia x Ucrânia,Não,,,,,
30/11/2025,Euro Cup,7,8,Países Baixos x Albânia,Sim,Não,,,,
30/11/2025,Euro Cup,7,11,Hungria x Áustria,Não,Sim,Sim,,,
30/11/2025,Euro Cup,7,14,Geórgia x Sérvia,Sim,Sim,Não,Não,,
30/11/2025,Euro Cup,7,17,República Tcheca x Alemanha,Não,Sim,Não,Sim,Sim,
30/11/2025,Euro Cup,7,20,Eslovênia x Áustria,Não,Não,Sim,Não,Sim,Sim
30/11/2025,Euro Cup,7,23,Ucrânia x Eslováquia,Sim,Não,Sim,Não,Sim,Não
30/11/2025,Euro Cup,7,26,Croácia x Escócia,Sim,Não,Não,Sim,Não,Sim
30/11/2025,Euro Cup,7,29,Polônia x Sérvia,Não,Não,Sim,Sim,Não,Sim
30/11/2025,Euro Cup,7,32,Albânia x Portugal,Não,Não,Não,Sim,Sim,Não
30/11/2025,Euro Cup,7,35,República Tcheca x Países Baixos,Sim,Não,Sim,Sim,Não,Não
30/11/2025,Euro Cup,7,38,Itália x Alemanha,Sim,Não,Não,Sim,Sim,Não
30/11/2025,Euro Cup,7,41,Eslováquia x Inglaterra,Não,Não,Sim,Sim,Não,Não
30/11/2025,Euro Cup,7,44,Suíça x Áustria,Sim,Sim,Sim,Não,Não,Sim
30/11/2025,Euro Cup,7,47,Portugal x Países Baixos,Sim,Não,Sim,Sim,Não,Não
30/11/2025,Euro Cup,7,50,Hungria x Geórgia,Não,Não,Sim,Não,Não,Sim
30/11/2025,Euro Cup,7,53,Eslovênia x Croácia,Não,Não,Não,Sim,Não,Não
30/11/2025,Euro Cup,7,56,Eslováquia x Escócia,Não,Sim,Não,Não,Sim,Não
30/11/2025,Euro Cup,7,59,Hungria x Romênia,Sim,Não,Não,Sim,Sim,Não
30/11/2025,Euro Cup,8,2,Dinamarca x Croácia,Sim,Não,Não,Não,Sim,Sim
30/11/2025,Euro Cup,8,5,República Tcheca x Suíça,Não,Não,Sim,Sim,Sim,Não
30/11/2025,Euro Cup,8,8,Croácia x Áustria,Não,Não,Não,Sim,Sim,Sim
30/11/2025,Euro Cup,8,11,Eslovênia x República Tcheca,Não,Sim,Não,Não,Sim,Sim
30/11/2025,Euro Cup,8,14,Hungria x Portugal,Não,Sim,Sim,Não,Não,Sim
30/11/2025,Euro Cup,8,17,Geórgia x Escócia,Não,Sim,Sim,Sim,Não,Não
30/11/2025,Euro Cup,8,20,Romênia x Suíça,Sim,Não,Não,Não,Não,Sim
30/11/2025,Euro Cup,8,23,Geórgia x Dinamarca,Sim,Não,Não,Não,Não,Não
30/11/2025,Euro Cup,8,26,Itália x Croácia,Sim,Sim,Não,Não,Não,Não
30/11/2025,Euro Cup,8,29,Albânia x Inglaterra,Não,Não,Não,Sim,Sim,Sim
30/11/2025,Euro Cup,8,32,Portugal x Ucrânia,Não,Não,Não,Não,Sim,Sim
30/11/2025,Euro Cup,8,35,Bélgica x República Tcheca,Sim,Não,Sim,Sim,Sim,Não
30/11/2025,Euro Cup,8,38,Áustria x Eslováquia,Não,Sim,Sim,Não,Não,Não
30/11/2025,Euro Cup,8,41,Croácia x Alemanha,Sim,Sim,Não,Não,Sim,Sim
30/11/2025,Euro Cup,8,44,França x Eslovênia,Sim,Não,Sim,Não,Não,Sim
30/11/2025,Euro Cup,8,47,Romênia x Turquia,Não,Não,Sim,Não,Sim,Sim
30/11/2025,Euro Cup,8,50,França x Portugal,Não,Não,Não,Sim,Não,Sim
30/11/2025,Euro Cup,8,53,Sérvia x Espanha,Sim,Não,Sim,Sim,Não,Sim
30/11/2025,Euro Cup,8,56,Suíça x Escócia,Não,Sim,Sim,Não,Não,Sim
30/11/2025,Euro Cup,8,59,Países Baixos x Bélgica,Sim,Sim,Não,Não,Sim,Sim
30/11/2025,Euro Cup,9,2,Áustria x Portugal,Não,Sim,Não,Sim,Sim,Não
30/11/2025,Euro Cup,9,5,Alemanha x Bélgica,Não,Não,Sim,Não,Sim,Sim
30/11/2025,Euro Cup,9,8,Hungria x Espanha,Sim,Não,Sim,Não,Sim,Não
30/11/2025,Euro Cup,9,11,Albânia x Turquia,Sim,Não,Não,Sim,Não,Sim
30/11/2025,Euro Cup,9,14,Itália x Polônia,Não,Não,Sim,Sim,Não,Sim
30/11/2025,Euro Cup,9,17,Alemanha x Portugal,Sim,Sim,Sim,Não,Não,Sim
30/11/2025,Euro Cup,9,20,Ucrânia x Suíça,Sim,Não,Sim,Sim,Não,Não
30/11/2025,Euro Cup,9,23,Croácia x Bélgica,Não,Não,Sim,Não,Não,Sim
30/11/2025,Euro Cup,9,26,Inglaterra x França,Não,Não,Não,Sim,Não,Não
30/11/2025,Euro Cup,9,29,Eslovênia x Ucrânia,Sim,Não,Sim,Sim,Não,Sim
30/11/2025,Euro Cup,9,32,Portugal x Bélgica,Sim,Não,Não,Sim,Sim,Não
30/11/2025,Euro Cup,9,35,Inglaterra x Escócia,Não,Não,Sim,Sim,Não,Não
30/11/2025,Euro Cup,9,38,Bélgica x França,Não,Não,Não,Sim,Sim,Não
30/11/2025,Euro Cup,9,41,Croácia x Países Baixos,Sim,Não,Sim,Sim,Não,Não
30/11/2025,Euro Cup,9,44,Sérvia x Itália,Não,Sim,Sim,Não,Não,Sim
30/11/2025,Euro Cup,9,47,Hungria x Dinamarca,Sim,Sim,Não,Não,Sim,Sim
30/11/2025,Euro Cup,9,50,Suíça x Inglaterra,Sim,Não,Sim,Não,Não,Sim
30/11/2025,Euro Cup,9,53,Geórgia x Espanha,Sim,Sim,Não,Sim,Não,Não
30/11/2025,Euro Cup,9,56,Bélgica x Polônia,Não,Não,Não,Sim,Não,Sim
30/11/2025,Euro Cup,9,59,Turquia x Alemanha,Não,Não,Não,Não,Sim,Não
30/11/2025,Euro Cup,10,2,Escócia x Croácia,Não,Sim,Não,Não,Não,Sim
30/11/2025,Euro Cup,10,5,Inglaterra x Suíça,Sim,Não,Não,Sim,Sim,Sim
30/11/2025,Euro Cup,10,8,Eslováquia x Países Baixos,Sim,Não,Não,Não,Sim,Sim
30/11/2025,Euro Cup,10,11,Hungria x Croácia,Sim,Sim,Não,Não,Não,Sim
30/11/2025,Euro Cup,10,14,Escócia x Sérvia,Não,Não,Não,Sim,Sim,Sim
30/11/2025,Euro Cup,10,17,Ucrânia x Países Baixos,Sim,Sim,Sim,Sim,Não,Não
30/11/2025,Euro Cup,10,20,Portugal x Suíça,Sim,Não,Sim,Sim,Sim,Não
30/11/2025,Euro Cup,10,23,Países Baixos x Romênia,Não,Não,Sim,Não,Não,Não
30/11/2025,Euro Cup,10,26,Áustria x França,Não,Não,Não,Sim,Não,Não
30/11/2025,Euro Cup,10,29,Hungria x Itália,Não,Sim,Não,Não,Sim,Não
30/11/2025,Euro Cup,10,32,Áustria x Ucrânia,Sim,Não,Não,Sim,Sim,Não
30/11/2025,Euro Cup,10,35,Sérvia x Dinamarca,Sim,Não,Não,Não,Sim,Sim
30/11/2025,Euro Cup,10,38,Geórgia x Portugal,Sim,Sim,Não,Não,Não,Sim
30/11/2025,Euro Cup,10,41,Espanha x Áustria,Não,Não,Não,Sim,Sim,Sim
30/11/2025,Euro Cup,10,44,França x Dinamarca,Sim,Sim,Sim,Sim,Não,Não
30/11/2025,Euro Cup,10,47,Turquia x Romênia,Sim,Não,Sim,Sim,Sim,Não
30/11/2025,Euro Cup,10,50,Bélgica x Croácia,Não,Não,Sim,Não,Não,Não
30/11/2025,Euro Cup,10,53,Suíça x República Tcheca,Não,Não,Não,Sim,Não,Não
30/11/2025,Euro Cup,10,56,Romênia x Áustria,Não,Sim,Não,Não,Sim,Não
30/11/2025,Euro Cup,10,59,Ucrânia x Alemanha,Não,Sim,Sim,Não,Não,Sim
30/11/2025,Euro Cup,11,2,Eslováquia x França,Não,Sim,Sim,Sim,Não,Não
30/11/2025,Euro Cup,11,5,Inglaterra x Espanha,Não,Sim,Sim,Sim,Sim,Não
30/11/2025,Euro Cup,11,8,Turquia x Hungria,Sim,Não,Não,Não,Não,Não
30/11/2025,Euro Cup,11,11,Alemanha x Inglaterra,Não,Sim,Sim,Sim,Sim,Sim
30/11/2025,Euro Cup,11,14,República Tcheca x Escócia,Sim,Sim,Não,Não,Não,Não
30/11/2025,Euro Cup,11,17,Áustria x Romênia,Sim,Não,Sim,Não,Não,Não
30/11/2025,Euro Cup,11,20,Países Baixos x Sérvia,Não,Não,Sim,Não,Sim,Sim
30/11/2025,Euro Cup,11,23,Eslovênia x Portugal,Não,Não,Não,Sim,Não,Sim
30/11/2025,Euro Cup,11,26,Ucrânia x Bélgica,Sim,Não,Sim,Sim,Não,Sim
30/11/2025,Euro Cup,11,29,Alemanha x Eslováquia,Não,Sim,Sim,Não,Não,Sim
30/11/2025,Euro Cup,11,32,Sérvia x Suíça,Não,Não,Sim,Sim,Não,Não
30/11/2025,Euro Cup,11,35,Croácia x Turquia,Sim,Não,Sim,Não,Não,Sim
30/11/2025,Euro Cup,11,38,Bélgica x Sérvia,Não,Sim,Sim,Não,Sim,Sim
30/11/2025,Euro Cup,11,41,Croácia x Espanha,Sim,Sim,Não,Não,Sim,Não
30/11/2025,Euro Cup,11,44,Escócia x Eslováquia,Não,Sim,Não,Sim,Sim,Não
30/11/2025,Euro Cup,11,47,Bélgica x Dinamarca,Sim,Sim,Não,Sim,Não,Não
30/11/2025,Euro Cup,11,50,Suíça x Portugal,Sim,Não,Sim,Não,Sim,Não
30/11/2025,Euro Cup,11,53,Alemanha x Dinamarca,Não,Não,Sim,Não,Sim,Não
30/11/2025,Euro Cup,11,56,Ucrânia x Croácia,Não,Não,Não,Sim,Não,Sim
30/11/2025,Euro Cup,11,59,Bélgica x Itália,Sim,Não,Sim,Sim,Não,Sim
30/11/2025,Euro Cup,12,2,Inglaterra x Eslovênia,Não,Sim,Sim,Não,Não,Sim
30/11/2025,Euro Cup,12,5,Portugal x Dinamarca,Sim,Sim,Não,Não,Sim,Sim
30/11/2025,Euro Cup,12,8,Turquia x Escócia,Não,Sim,Não,Sim,Sim,Não
30/11/2025,Euro Cup,12,11,Romênia x Bélgica,Não,Não,Sim,Não,Sim,Sim
30/11/2025,Euro Cup,12,14,Eslovênia x Espanha,Não,Sim,Não,Sim,Não,Sim
30/11/2025,Euro Cup,12,17,Alemanha x Hungria,Sim,Não,Não,Sim,Não,Sim
30/11/2025,Euro Cup,12,20,Ucrânia x Inglaterra,Não,Sim,Sim,Sim,Não,Sim
30/11/2025,Euro Cup,12,23,Albânia x Dinamarca,Não,Não,Sim,Sim,Sim,Não
30/11/2025,Euro Cup,12,26,República Tcheca x Bélgica,Não,Sim,Não,Sim,Sim,Sim
30/11/2025,Euro Cup,12,29,Turquia x Sérvia,Sim,Não,Não,Sim,Não,Não
30/11/2025,Euro Cup,12,32,Albânia x Suíça,Não,Sim,Sim,Sim,Não,Sim
30/11/2025,Euro Cup,12,35,Croácia x Romênia,Não,Não,Sim,Sim,Sim,Não
30/11/2025,Euro Cup,12,38,Escócia x Hungria,Não,Sim,Não,Sim,Sim,Sim
30/11/2025,Euro Cup,12,41,Polônia x Ucrânia,Não,Sim,Sim,Não,Sim,Sim
30/11/2025,Euro Cup,12,44,Eslovênia x Alemanha,Sim,Não,Não,Não,Sim,Não
30/11/2025,Euro Cup,12,47,Turquia x Croácia,Sim,Não,Não,Não,Não,Sim
30/11/2025,Euro Cup,12,50,Albânia x Eslováquia,Sim,Sim,Não,Não,Não,Não
30/11/2025,Euro Cup,12,53,Romênia x Dinamarca,Não,Não,Não,Sim,Sim,Sim
30/11/2025,Euro Cup,12,56,Ucrânia x Albânia,Não,Não,Não,Não,Sim,Sim
30/11/2025,Euro Cup,12,59,Espanha x Itália,Sim,Não,Sim,Sim,Sim,Não
30/11/2025,Euro Cup,13,2,Dinamarca x República Tcheca,Sim,Não,Não,Sim,Sim,Sim
30/11/2025,Euro Cup,13,5,Ucrânia x Espanha,Não,Não,Sim,Sim,Não,Não
30/11/2025,Euro Cup,13,8,Portugal x Sérvia,Sim,Sim,Sim,Não,Não,Sim
30/11/2025,Euro Cup,13,11,República Tcheca x Albânia,Não,Sim,Não,Não,Sim,Sim
30/11/2025,Euro Cup,13,14,Portugal x Eslovênia,Não,Não,Sim,Não,Não,Sim
30/11/2025,Euro Cup,13,17,Alemanha x Países Baixos,Sim,Não,Sim,Não,Sim,Sim
30/11/2025,Euro Cup,13,20,Albânia x Ucrânia,Não,Sim,Sim,Não,Sim,Não
30/11/2025,Euro Cup,13,23,Geórgia x Turquia,Sim,Sim,Não,Não,Sim,Não
30/11/2025,Euro Cup,13,26,Sérvia x Albânia,Sim,Não,Sim,Não,Não,Sim
30/11/2025,Euro Cup,13,29,Itália x Países Baixos,Não,Não,Sim,Não,Sim,Sim
30/11/2025,Euro Cup,13,32,Espanha x Croácia,Não,Não,Não,Sim,Não,Sim
30/11/2025,Euro Cup,13,35,Geórgia x Polônia,Não,Sim,Não,Não,Sim,Não
30/11/2025,Euro Cup,13,38,Espanha x Sérvia,Não,Sim,Sim,Não,Não,Sim
30/11/2025,Euro Cup,13,41,Ucrânia x Áustria,Não,Sim,Sim,Sim,Não,Não
30/11/2025,Euro Cup,13,44,Espanha x Suíça,Não,Sim,Sim,Sim,Sim,Não
30/11/2025,Euro Cup,13,47,Alemanha x Geórgia,Sim,Não,Não,Não,Não,Não
30/11/2025,Euro Cup,13,50,Albânia x França,Não,Sim,Sim,Sim,Sim,Sim
30/11/2025,Euro Cup,13,53,Romênia x Ucrânia,Não,Não,Sim,Sim,Sim,Sim
30/11/2025,Euro Cup,13,56,República Tcheca x Eslováquia,Sim,Não,Sim,Não,Não,Não
30/11/2025,Euro Cup,13,59,Sérvia x Portugal,Sim,Não,Não,Sim,Não,Não
30/11/2025,Euro Cup,14,2,Itália x Hungria,Sim,Sim,Não,Não,Sim,Não
30/11/2025,Euro Cup,14,5,Geórgia x Croácia,Não,Não,Não,Sim,Sim,Não
30/11/2025,Euro Cup,14,8,Ucrânia x Portugal,Sim,Sim,Sim,Sim,Não,Não
30/11/2025,Euro Cup,14,11,Inglaterra x Turquia,Não,Sim,Não,Não,Não,Sim
30/11/2025,Euro Cup,14,14,Bélgica x Albânia,Não,Não,Sim,Não,Não,Não
30/11/2025,Euro Cup,14,17,Eslováquia x Inglaterra,Não,Sim,Não,Sim,Não,Não
30/11/2025,Euro Cup,14,20,Geórgia x Itália,Não,Sim,Sim,Não,Sim,Não
30/11/2025,Euro Cup,14,23,Dinamarca x Portugal,Sim,Não,Não,Não,Sim,Não
30/11/2025,Euro Cup,14,26,Albânia x Hungria,Não,Sim,Sim,Sim,Sim,Não
30/11/2025,Euro Cup,14,29,Bélgica x Eslovênia,Não,Não,Sim,Sim,Sim,Sim
30/11/2025,Euro Cup,14,32,Romênia x República Tcheca,Sim,Não,Sim,Não,Não,Não
30/11/2025,Euro Cup,14,35,Alemanha x Espanha,Sim,Não,Não,Sim,Não,Não
30/11/2025,Euro Cup,14,38,Eslovênia x Eslováquia,Sim,Sim,Não,Não,Sim,Não
30/11/2025,Euro Cup,14,41,Turquia x Portugal,Não,Não,Não,Sim,Sim,Não
30/11/2025,Euro Cup,14,44,Países Baixos x Alemanha,Não,Não,Não,Não,Sim,Sim
30/11/2025,Euro Cup,14,47,Romênia x Suíça,Não,Sim,Não,Não,Não,Sim
30/11/2025,Euro Cup,14,50,Inglaterra x Croácia,Sim,Não,Não,Sim,Sim,Sim
30/11/2025,Euro Cup,14,53,Geórgia x República Tcheca,Sim,Não,Não,Não,Sim,Sim
30/11/2025,Euro Cup,14,56,Croácia x Portugal,Sim,Sim,Não,Não,Não,Sim
30/11/2025,Euro Cup,14,59,Inglaterra x Romênia,Não,Não,Não,Sim,Sim,Sim
30/11/2025,Euro Cup,15,2,Ucrânia x Eslováquia,Não,Não,Não,Não,Sim,Sim
30/11/2025,Euro Cup,15,5,Albânia x Itália,Não,Sim,Não,Não,Não,Sim
30/11/2025,Euro Cup,15,8,Escócia x Áustria,Não,Sim,Sim,Não,Não,Não
30/11/2025,Euro Cup,15,11,Alemanha x Albânia,Sim,Não,Não,Não,Sim,Sim
30/11/2025,Euro Cup,15,14,Romênia x Países Baixos,Não,Sim,Sim,Sim,Sim,Não
30/11/2025,Euro Cup,15,17,Croácia x Eslováquia,Sim,Sim,Não,Não,Não,Não
30/11/2025,Euro Cup,15,20,Dinamarca x Eslovênia,Sim,Não,Sim,Não,Não,Não
30/11/2025,Euro Cup,15,23,Sérvia x Ucrânia,Não,Não,Sim,Não,Sim,Sim
30/11/2025,Euro Cup,15,26,Escócia x Itália,Sim,Sim,Sim,Não,Sim,Não
30/11/2025,Euro Cup,15,29,Albânia x Países Baixos,Sim,Não,Sim,Sim,Não,Sim
30/11/2025,Euro Cup,15,32,Suíça x Geórgia,Sim,Sim,Não,Sim,Sim,Não
30/11/2025,Euro Cup,15,35,Itália x Escócia,Não,Não,Não,Sim,Não,Não
30/11/2025,Euro Cup,15,38,Dinamarca x Espanha,Não,Não,Não,Não,Sim,Não
30/11/2025,Premier League,7,0,Brentford x Norwich,Não,,,,,
30/11/2025,Premier League,7,3,Everton x Leicester,Sim,,,,,
30/11/2025,Premier League,7,6,Newcastle x West Ham,Não,Sim,,,,
30/11/2025,Premier League,7,9,Wolverhampton x City,Sim,Sim,Não,,,
30/11/2025,Premier League,7,12,Palace x Southampton,Não,Sim,Não,Sim,,
30/11/2025,Premier League,7,15,Everton x Newcastle,Não,Não,Sim,Não,Sim,
30/11/2025,Premier League,7,18,Aston x Brentford,Sim,Não,Sim,Não,Sim,Não
30/11/2025,Premier League,7,21,Chelsea x Leicester,Sim,Não,Não,Sim,Não,Sim
30/11/2025,Premier League,7,24,United x Watford,Sim,Sim,Não,Não,Sim,Não
30/11/2025,Premier League,7,27,Brighton x Wolverhampton,Sim,Sim,Sim,Não,Não,Sim
30/11/2025,Premier League,7,30,Watford x Burnley,Não,Não,Não,Não,Sim,Sim
30/11/2025,Premier League,7,33,Everton x Palace,Não,Não,Não,Não,Não,Sim
30/11/2025,Premier League,7,36,Islington x Norwich,Não,Sim,Não,Não,Não,Não
30/11/2025,Premier League,7,39,Palace x Brentford,Não,Sim,Sim,Não,Não,Não
30/11/2025,Premier League,7,42,Newcastle x Leeds,Não,Sim,Sim,Sim,Não,Não
30/11/2025,Premier League,7,45,Leicester x Brighton,Sim,Não,Não,Não,Não,Sim
30/11/2025,Premier League,7,48,Chelsea x Newcastle,Não,Sim,Sim,Sim,Sim,Sim
30/11/2025,Premier League,7,51,Leicester x West Ham,Não,Não,Sim,Sim,Sim,Sim
30/11/2025,Premier League,7,54,Watford x Islington,Sim,Não,Sim,Não,Não,Não
30/11/2025,Premier League,7,57,Palace x Aston,Sim,Não,Não,Sim,Não,Não
30/11/2025,Premier League,8,0,United x Brentford,Sim,Sim,Não,Não,Sim,Não
30/11/2025,Premier League,8,3,Palace x Newcastle,Não,Não,Não,Sim,Sim,Não
30/11/2025,Premier League,8,6,Leeds x Islington,Sim,Sim,Sim,Sim,Não,Não
30/11/2025,Premier League,8,9,Norwich x Wolverhampton,Sim,Não,Sim,Sim,Sim,Não
30/11/2025,Premier League,8,12,Southampton x Leicester,Sim,Sim,Não,Sim,Sim,Sim
30/11/2025,Premier League,8,15,United x Newcastle,Sim,Sim,Sim,Não,Sim,Sim
30/11/2025,Premier League,8,18,City x Islington,Não,Não,Não,Não,Sim,Não
30/11/2025,Premier League,8,21,Burnley x Leeds,Sim,Sim,Sim,Sim,Sim,Não
30/11/2025,Premier League,8,24,Chelsea x Aston,Não,Sim,Não,Não,Não,Não
30/11/2025,Premier League,8,27,West Ham x Liverpool,Sim,Sim,Não,Sim,Sim,Sim
30/11/2025,Premier League,8,30,Palace x Leicester,Sim,Não,Sim,Não,Sim,Sim
30/11/2025,Premier League,8,33,West Ham x United,Não,Não,Sim,Não,Sim,Não
30/11/2025,Premier League,8,36,Liverpool x Everton,Sim,Sim,Sim,Não,Sim,Não
30/11/2025,Premier League,8,39,Norwich x Chelsea,Sim,Não,Sim,Sim,Não,Sim
30/11/2025,Premier League,8,42,Palace x Wolverhampton,Não,Não,Sim,Não,Não,Sim
30/11/2025,Premier League,8,45,Liverpool x Tottenham,Não,Não,Não,Sim,Não,Não
30/11/2025,Premier League,8,48,Leeds x Brighton,Sim,Não,Sim,Sim,Não,Sim
30/11/2025,Premier League,8,51,Wolverhampton x Chelsea,Não,Sim,Sim,Não,Não,Sim
30/11/2025,Premier League,8,54,West Ham x Everton,Sim,Sim,Não,Não,Sim,Sim
30/11/2025,Premier League,8,57,Brighton x Leeds,Sim,Não,Sim,Não,Não,Sim
30/11/2025,Premier League,9,0,Norwich x Brentford,Não,Não,Sim,Não,Sim,Sim
30/11/2025,Premier League,9,3,Wolverhampton x Liverpool,Sim,Sim,Sim,Não,Sim,Não
30/11/2025,Premier League,9,6,Tottenham x Leeds,Não,Sim,Não,Não,Sim,Não
30/11/2025,Premier League,9,9,Leicester x Southampton,Não,Não,Sim,Não,Não,Sim
30/11/2025,Premier League,9,12,Brentford x Liverpool,Não,Sim,Não,Sim,Não,Não
30/11/2025,Premier League,9,15,Newcastle x Watford,Sim,Não,Não,Sim,Não,Sim
30/11/2025,Premier League,9,18,Brentford x Southampton,Não,Sim,Sim,Sim,Não,Sim
30/11/2025,Premier League,9,21,United x Norwich,Não,Não,Sim,Sim,Sim,Não
30/11/2025,Premier League,9,24,Chelsea x Watford,Sim,Não,Sim,Não,Não,Não
30/11/2025,Premier League,9,27,City x Southampton,Não,Sim,Sim,Não,Sim,Sim
30/11/2025,Premier League,9,30,Aston x Burnley,Sim,Sim,Não,Não,Sim,Não
30/11/2025,Premier League,9,33,Everton x West Ham,Sim,Não,Sim,Não,Não,Sim
30/11/2025,Premier League,9,36,United x Leeds,Sim,Sim,Não,Sim,Não,Não
30/11/2025,Premier League,9,39,City x Brentford,Não,Não,Não,Sim,Não,Sim
30/11/2025,Premier League,9,42,Newcastle x Aston,Não,Não,Não,Não,Sim,Não
30/11/2025,Premier League,9,45,Leeds x Watford,Sim,Não,Sim,Sim,Sim,Não
30/11/2025,Premier League,9,48,Brentford x Tottenham,Sim,Não,Não,Sim,Sim,Sim
30/11/2025,Premier League,9,51,Wolverhampton x West Ham,Sim,Sim,Não,Não,Sim,Sim
30/11/2025,Premier League,9,54,Leeds x Liverpool,Sim,Sim,Sim,Não,Não,Sim
30/11/2025,Premier League,9,57,Brentford x Wolverhampton,Não,Não,Não,Não,Sim,Sim
30/11/2025,Premier League,10,0,Palace x Tottenham,Sim,Sim,Sim,Sim,Sim,Não
30/11/2025,Premier League,10,3,Aston x United,Sim,Não,Sim,Sim,Sim,Sim
30/11/2025,Premier League,10,6,Burnley x Liverpool,Não,Não,Sim,Não,Não,Não
30/11/2025,Premier League,10,9,West Ham x Tottenham,Não,Não,Não,Sim,Não,Não
30/11/2025,Premier League,10,12,Leeds x Norwich,Não,Sim,Não,Não,Sim,Não
30/11/2025,Premier League,10,15,Palace x Liverpool,Não,Sim,Sim,Não,Não,Sim
30/11/2025,Premier League,10,18,Newcastle x Burnley,Não,Sim,Sim,Sim,Não,Não
30/11/2025,Premier League,10,21,West Ham x Watford,Sim,Não,Não,Não,Não,Sim
30/11/2025,Premier League,10,24,Tottenham x Brighton,Não,Sim,Sim,Sim,Sim,Sim
30/11/2025,Premier League,10,27,Liverpool x Watford,Sim,Sim,Não,Não,Não,Não
30/11/2025,Premier League,10,30,Islington x Leeds,Não,Sim,Não,Sim,Sim,Sim
30/11/2025,Premier League,10,33,Wolverhampton x Newcastle,Não,Não,Sim,Não,Sim,Sim
30/11/2025,Premier League,10,36,West Ham x Leicester,Não,Sim,Não,Sim,Não,Sim
30/11/2025,Premier League,10,39,Norwich x Liverpool,Sim,Não,Não,Sim,Não,Sim
30/11/2025,Premier League,10,42,Palace x Burnley,Sim,Não,Não,Não,Sim,Não
30/11/2025,Premier League,10,45,United x Chelsea,Não,Não,Sim,Sim,Sim,Não
30/11/2025,Premier League,10,48,Tottenham x Brentford,Não,Não,Não,Sim,Sim,Sim
30/11/2025,Premier League,10,51,United x West Ham,Não,Sim,Não,Não,Sim,Sim
30/11/2025,Premier League,10,54,Islington x Newcastle,Sim,Não,Não,Sim,Sim,Não
30/11/2025,Premier League,10,57,Everton x Watford,Não,Sim,Sim,Sim,Não,Não
30/11/2025,Premier League,11,0,Brighton x Burnley,Não,Não,Sim,Sim,Sim,Não
30/11/2025,Premier League,11,3,Islington x Leicester,Não,Sim,Não,Sim,Sim,Sim
30/11/2025,Premier League,11,6,City x Wolverhampton,Não,Sim,Sim,Não,Sim,Sim
30/11/2025,Premier League,11,9,Brentford x Everton,Não,Sim,Sim,Sim,Não,Sim
30/11/2025,Premier League,11,12,Burnley x United,Não,Sim,Sim,Sim,Sim,Não
30/11/2025,Premier League,11,15,Tottenham x Palace,Não,Sim,Sim,Sim,Sim,Sim
30/11/2025,Premier League,11,18,Leicester x Islington,Não,Sim,Sim,Sim,Sim,Sim
30/11/2025,Premier League,11,21,Leeds x Palace,Sim,Não,Não,Não,Não,Não
30/11/2025,Premier League,11,24,Brentford x Burnley,Sim,Não,Não,Não,Não,Não
30/11/2025,Premier League,11,27,Liverpool x Aston,Não,Não,Sim,Sim,Sim,Sim
30/11/2025,Premier League,11,30,Chelsea x Tottenham,Não,Não,Não,Sim,Sim,Sim
30/11/2025,Premier League,11,33,Watford x Wolverhampton,Não,Sim,Não,Não,Sim,Sim
30/11/2025,Premier League,11,36,Leeds x United,Sim,Não,Não,Sim,Sim,Não
30/11/2025,Premier League,11,39,Newcastle x Liverpool,Sim,Não,Não,Não,Sim,Sim
30/11/2025,Premier League,11,42,Burnley x Everton,Não,Não,Sim,Sim,Sim,Não
30/11/2025,Premier League,11,45,Watford x Newcastle,Sim,Sim,Sim,Não,Não,Não
30/11/2025,Premier League,11,48,Islington x Everton,Não,Sim,Não,Não,Sim,Sim
30/11/2025,Premier League,11,51,Leeds x Burnley,Sim,Sim,Não,Sim,Sim,Não
30/11/2025,Premier League,11,54,Brighton x Everton,Não,Sim,Não,Sim,Não,Não
30/11/2025,Premier League,11,57,Watford x Southampton,Não,Não,Sim,Não,Sim,Não
30/11/2025,Premier League,12,0,Brighton x West Ham,Sim,Não,Sim,Não,Sim,Não
30/11/2025,Premier League,12,3,Islington x Brentford,Sim,Não,Não,Sim,Não,Sim
30/11/2025,Premier League,12,6,United x Palace,Sim,Sim,Não,Não,Sim,Não
30/11/2025,Premier League,12,9,Islington x Brighton,Sim,Sim,Sim,Não,Não,Sim
30/11/2025,Premier League,12,12,West Ham x Palace,Não,Não,Não,Não,Sim,Sim
30/11/2025,Premier League,12,15,City x Leeds,Sim,Sim,Sim,Sim,Sim,Não
30/11/2025,Premier League,12,18,Leicester x Everton,Não,Sim,Não,Não,Não,Não
30/11/2025,Premier League,12,21,Burnley x Newcastle,Sim,Sim,Não,Sim,Sim,Sim
30/11/2025,Premier League,12,24,Norwich x Aston,Não,Sim,Não,Sim,Não,Não
30/11/2025,Premier League,12,27,City x Brighton,Não,Não,Sim,Não,Sim,Não
30/11/2025,Premier League,12,30,Watford x Everton,Sim,Não,Sim,Não,Sim,Não
30/11/2025,Premier League,12,33,Burnley x Aston,Sim,Não,Não,Sim,Não,Sim
30/11/2025,Premier League,12,36,Wolverhampton x Islington,Sim,Sim,Não,Não,Sim,Não
30/11/2025,Premier League,12,39,Aston x Everton,Sim,Sim,Sim,Não,Não,Sim
30/11/2025,Premier League,12,42,West Ham x Chelsea,Não,Não,Não,Não,Sim,Sim
30/11/2025,Premier League,12,45,Leeds x Wolverhampton,Sim,Sim,Sim,Sim,Sim,Não
30/11/2025,Premier League,12,48,Burnley x City,Sim,Não,Sim,Sim,Sim,Sim
30/11/2025,Premier League,12,51,United x Brighton,Não,Não,Sim,Não,Não,Não
30/11/2025,Premier League,12,54,Watford x Leicester,Sim,Sim,Sim,Não,Sim,Sim
30/11/2025,Premier League,12,57,Wolverhampton x Leeds,Não,Sim,Não,Não,Sim,Não
30/11/2025,Premier League,13,0,Liverpool x City,Não,Não,Sim,Não,Não,Sim
30/11/2025,Premier League,13,3,Chelsea x Brentford,Sim,Não,Sim,Não,Sim,Sim
30/11/2025,Premier League,13,5,Ucrânia x Espanha,Não,Sim,Sim,Não,Sim,Não
30/11/2025,Premier League,13,6,Norwich x Tottenham,Sim,Sim,Não,Não,Sim,Não
30/11/2025,Premier League,13,8,Portugal x Sérvia,Sim,Não,Sim,Não,Não,Sim
30/11/2025,Premier League,13,9,Burnley x Watford,Sim,Sim,Não,Sim,Não,Não
30/11/2025,Premier League,13,11,República Tcheca x Albânia,Não,Não,Não,Sim,Não,Sim
30/11/2025,Premier League,13,12,Wolverhampton x Everton,Sim,Sim,Sim,Sim,Não,Sim
30/11/2025,Premier League,13,14,Portugal x Eslovênia,Não,Sim,Não,Não,Não,Sim
30/11/2025,Premier League,13,15,Brentford x Islington,Sim,Sim,Não,Sim,Sim,Sim
30/11/2025,Premier League,13,17,Alemanha x Países Baixos,Sim,Não,Sim,Não,Sim,Sim
30/11/2025,Premier League,13,18,West Ham x Norwich,Sim,Sim,Não,Sim,Não,Sim
30/11/2025,Premier League,13,20,Albânia x Ucrânia,Não,Não,Não,Sim,Não,Sim
30/11/2025,Premier League,13,21,Wolverhampton x Tottenham,Sim,Sim,Sim,Sim,Não,Sim
30/11/2025,Premier League,13,23,Geórgia x Turquia,Sim,Não,Sim,Sim,Sim,Não
30/11/2025,Premier League,13,24,City x Newcastle,Não,Não,Sim,Não,Não,Não
30/11/2025,Premier League,13,26,Sérvia x Albânia,Sim,Sim,Sim,Não,Sim,Sim
30/11/2025,Premier League,13,27,Liverpool x Wolverhampton,Sim,Não,Sim,Sim,Não,Sim
30/11/2025,Premier League,13,29,Itália x Países Baixos,Não,Não,Sim,Não,Não,Sim
30/11/2025,Premier League,13,30,United x Islington,Sim,Sim,Sim,Não,Sim,Sim
30/11/2025,Premier League,13,32,Espanha x Croácia,Não,Sim,Não,Não,Sim,Não
30/11/2025,Premier League,13,33,Watford x Palace,Não,Não,Sim,Não,Não,Sim
30/11/2025,Premier League,13,35,Geórgia x Polônia,Não,Sim,Não,Sim,Não,Não
30/11/2025,Premier League,13,36,Leeds x West Ham,Não,Sim,Sim,Não,Sim,Não
30/11/2025,Premier League,13,38,Espanha x Sérvia,Não,Sim,Sim,Sim,Não,Sim
30/11/2025,Premier League,13,39,Watford x City,Não,Sim,Sim,Sim,Sim,Não
30/11/2025,Premier League,13,41,Ucrânia x Áustria,Não,Sim,Sim,Sim,Sim,Sim
30/11/2025,Premier League,13,42,Brighton x Islington,Não,Sim,Sim,Sim,Sim,Sim
30/11/2025,Premier League,13,44,Espanha x Suíça,Não,Sim,Sim,Sim,Sim,Sim
30/11/2025,Premier League,13,45,Southampton x Everton,Sim,Não,Não,Não,Não,Não
30/11/2025,Premier League,13,47,Alemanha x Geórgia,Sim,Não,Não,Não,Não,Não
30/11/2025,Premier League,13,48,Liverpool x United,Não,Não,Sim,Sim,Sim,Sim
30/11/2025,Premier League,13,50,Albânia x França,Não,Não,Não,Sim,Sim,Sim
30/11/2025,Premier League,13,51,Tottenham x Wolverhampton,Sim,Não,Sim,Sim,Não,Não
30/11/2025,Premier League,13,53,Romênia x Ucrânia,Não,Sim,Sim,Não,Não,Sim
30/11/2025,Premier League,13,54,Norwich x Burnley,Não,Não,Sim,Sim,Não,Não
30/11/2025,Premier League,13,56,República Tcheca x Eslováquia,Sim,Não,Sim,Não,Não,Sim
30/11/2025,Premier League,13,57,Southampton x Brighton,Sim,Não,Não,Sim,Não,Não
30/11/2025,Premier League,13,59,Sérvia x Portugal,Sim,Sim,Não,Não,Sim,Não
30/11/2025,Premier League,14,0,Wolverhampton x Watford,Sim,Sim,Sim,Não,Não,Sim
30/11/2025,Premier League,14,2,Itália x Hungria,Sim,Sim,Sim,Sim,Não,Não
30/11/2025,Premier League,14,3,Chelsea x Palace,Sim,Sim,Sim,Sim,Sim,Não
30/11/2025,Premier League,14,5,Geórgia x Croácia,Não,Não,Não,Não,Não,Não
30/11/2025,Premier League,14,6,Everton x Norwich,Sim,Sim,Sim,Sim,Sim,Sim
30/11/2025,Premier League,14,8,Ucrânia x Portugal,Sim,Não,Sim,Sim,Sim,Sim
30/11/2025,Premier League,14,9,Brentford x Chelsea,Não,Não,Sim,Não,Não,Não
30/11/2025,Premier League,14,11,Inglaterra x Turquia,Não,Não,Não,Sim,Não,Não
30/11/2025,Premier League,14,12,Leeds x Tottenham,Sim,Não,Sim,Sim,Não,Sim
30/11/2025,Premier League,14,14,Bélgica x Albânia,Não,Sim,Sim,Não,Não,Sim
30/11/2025,Premier League,14,15,Brighton x Norwich,Não,Não,Sim,Sim,Não,Não
30/11/2025,Premier League,14,17,Eslováquia x Inglaterra,Não,Sim,Não,Sim,Sim,Não
30/11/2025,Premier League,14,18,Leicester x Liverpool,Sim,Não,Não,Sim,Não,Não
30/11/2025,Premier League,14,20,Geórgia x Itália,Não,Sim,Sim,Sim,Não,Sim
30/11/2025,Premier League,14,21,West Ham x Islington,Não,Não,Sim,Sim,Sim,Não
30/11/2025,Premier League,14,23,Dinamarca x Portugal,Sim,Não,Sim,Não,Não,Não
30/11/2025,Premier League,14,24,Wolverhampton x Southampton,Sim,Não,Não,Sim,Não,Não
30/11/2025,Premier League,14,26,Albânia x Hungria,Não,Não,Sim,Sim,Não,Sim
30/11/2025,Premier League,14,27,Norwich x City,Sim,Sim,Sim,Não,Não,Sim
30/11/2025,Premier League,14,29,Bélgica x Eslovênia,Não,Sim,Não,Não,Sim,Sim
30/11/2025,Premier League,14,30,Aston x Islington,Não,Não,Sim,Não,Não,Sim
30/11/2025,Premier League,14,32,Romênia x República Tcheca,Sim,Não,Sim,Não,Sim,Sim
30/11/2025,Premier League,14,33,City x Tottenham,Sim,Não,Não,Sim,Não,Sim
30/11/2025,Premier League,14,35,Alemanha x Espanha,Sim,Sim,Não,Não,Sim,Não
30/11/2025,Premier League,14,36,Watford x Islington,Sim,Sim,Sim,Não,Não,Sim
30/11/2025,Premier League,14,38,Eslovênia x Eslováquia,Sim,Sim,Sim,Sim,Não,Não
30/11/2025,Premier League,14,39,Aston x Brighton,Não,Não,Não,Não,Não,Sim
30/11/2025,Premier League,14,41,Turquia x Portugal,Não,Não,Não,Não,Não,Não
30/11/2025,Premier League,14,42,Burnley x Brentford,Sim,Não,Sim,Sim,Sim,Sim
30/11/2025,Premier League,14,44,Países Baixos x Alemanha,Não,Sim,Sim,Não,Não,Não
30/11/2025,Premier League,14,45,Brighton x Leicester,Não,Não,Sim,Sim,Não,Não
30/11/2025,Premier League,14,47,Romênia x Suíça,Não,Sim,Não,Sim,Sim,Não
30/11/2025,Premier League,14,48,Palace x West Ham,Sim,Não,Não,Sim,Não,Não
30/11/2025,Premier League,14,50,Inglaterra x Croácia,Sim,Não,Não,Não,Sim,Não
30/11/2025,Premier League,14,51,Chelsea x Aston,Sim,Sim,Não,Não,Não,Sim
30/11/2025,Premier League,14,53,Geórgia x República Tcheca,Sim,Sim,Sim,Não,Não,Não
30/11/2025,Premier League,14,54,Burnley x West Ham,Não,Não,Não,Não,Sim,Sim
30/11/2025,Premier League,14,56,Croácia x Portugal,Sim,Sim,Sim,Sim,Sim,Não
30/11/2025,Premier League,14,57,Southampton x Tottenham,Sim,Não,Sim,Sim,Sim,Sim
30/11/2025,Premier League,14,59,Inglaterra x Romênia,Não,Não,Sim,Não,Não,Não
30/11/2025,Premier League,15,0,Islington x Palace,Sim,Sim,Sim,Não,Sim,Sim
30/11/2025,Premier League,15,2,Ucrânia x Eslováquia,Não,Sim,Não,Não,Sim,Não
30/11/2025,Premier League,15,3,Newcastle x Norwich,Sim,Sim,Não,Sim,Sim,Não
30/11/2025,Premier League,15,5,Albânia x Itália,Não,Sim,Não,Sim,Não,Não
30/11/2025,Premier League,15,6,Southampton x Watford,Não,Não,Sim,Não,Sim,Não
30/11/2025,Premier League,15,8,Escócia x Áustria,Não,Sim,Não,Sim,Não,Sim
30/11/2025,Premier League,15,9,Burnley x Chelsea,Não,Sim,Sim,Não,Sim,Não
30/11/2025,Premier League,15,11,Alemanha x Albânia,Sim,Não,Não,Não,Sim,Não
30/11/2025,Premier League,15,12,Liverpool x Southampton,Não,Sim,Sim,Sim,Sim,Não
30/11/2025,Premier League,15,14,Romênia x Países Baixos,Não,Não,Sim,Sim,Sim,Sim
30/11/2025,Premier League,15,15,Tottenham x Chelsea,Sim,Não,Sim,Não,Não,Não
30/11/2025,Premier League,15,17,Croácia x Eslováquia,Sim,Não,Não,Sim,Não,Não
30/11/2025,Premier League,15,18,Leeds x Brighton,Sim,Sim,Não,Não,Sim,Não
30/11/2025,Premier League,15,20,Dinamarca x Eslovênia,Sim,Sim,Sim,Não,Não,Sim
30/11/2025,Premier League,15,21,Norwich x Brentford,Sim,Sim,Sim,Sim,Não,Não
30/11/2025,Premier League,15,23,Sérvia x Ucrânia,Não,Não,Não,Não,Não,Sim
30/11/2025,Premier League,15,24,Watford x Burnley,Sim,Sim,Sim,Sim,Sim,Sim
30/11/2025,Premier League,15,27,Chelsea x Brighton,Sim,Não,Sim,Sim,Sim,Sim
30/11/2025,Premier League,15,30,United x Burnley,Sim,Sim,Não,Sim,Sim,Sim
30/11/2025,Premier League,15,33,Palace x Wolverhampton,Sim,Sim,Sim,Não,Sim,Sim
30/11/2025,Premier League,15,36,Aston x Norwich,Não,Não,Não,Não,Sim,Não
30/11/2025,Premier League,15,39,City x Everton,Não,Não,Não,Não,Não,Sim
30/11/2025,Premier League,15,42,Chelsea x West Ham,Não,Sim,Não,Não,Não,Não
30/11/2025,Sul Americano,7,1,La Boca x Buenos Aires,Sim,,,,,
30/11/2025,Sul Americano,7,4,Santos x Lima,Sim,,,,,
30/11/2025,Sul Americano,7,7,Belo Horizonte x Asuncion,Não,Não,,,,
30/11/2025,Sul Americano,7,10,Santos x Montevideo,Sim,Sim,Sim,,,
30/11/2025,Sul Americano,7,13,Asuncion x Penarol,Não,Sim,Não,Não,,
30/11/2025,Sul Americano,7,16,Porto Alegre x Avellaneda,Sim,Sim,Não,Sim,Sim,
30/11/2025,Sul Americano,7,19,Montevideo x Medellin,Não,Sim,Não,Sim,Não,Não
30/11/2025,Sul Americano,7,22,Quito x La Boca,Sim,Sim,Não,Sim,Não,Sim
30/11/2025,Sul Americano,7,25,Porto Alegre x Belo Horizonte,Sim,Não,Sim,Não,Sim,Não
30/11/2025,Sul Americano,7,28,Agua Branca x Sao Paulo,Não,Não,Sim,Não,Sim,Não
30/11/2025,Sul Americano,7,31,Bogota x Belo Horizonte,Sim,Sim,Sim,Não,Sim,Não
30/11/2025,Sul Americano,7,34,Lima x Quito,Sim,Não,Sim,Sim,Não,Sim
30/11/2025,Sul Americano,7,37,Guayaquil x La Plata,Sim,Sim,Não,Sim,Sim,Não
30/11/2025,Sul Americano,7,40,Lima x Buenos Aires,Não,Não,Não,Sim,Não,Não
30/11/2025,Sul Americano,7,43,Agua Branca x Rio de Janeiro,Sim,Sim,Sim,Sim,Não,Sim
30/11/2025,Sul Americano,7,46,Penarol x Santos,Sim,Não,Sim,Sim,Sim,Não
30/11/2025,Sul Americano,7,49,Lima x Sao Paulo,Sim,Sim,Não,Sim,Sim,Sim
30/11/2025,Sul Americano,7,52,Guayaquil x Itaquera,Sim,Sim,Sim,Não,Sim,Sim
30/11/2025,Sul Americano,7,55,Avellaneda x Medellin,Não,Não,Não,Não,Sim,Não
30/11/2025,Sul Americano,7,58,Asuncion x Agua Branca,Não,Não,Não,Não,Não,Sim
30/11/2025,Sul Americano,8,1,Sao Paulo x Quito,Sim,Não,Sim,Sim,Sim,Sim
30/11/2025,Sul Americano,8,4,Montevideo x Rio de Janeiro,Sim,Não,Não,Sim,Sim,Sim
30/11/2025,Sul Americano,8,7,Belo Horizonte x Santiago,Sim,Sim,Não,Não,Sim,Sim
30/11/2025,Sul Americano,8,10,Porto Alegre x La Boca,Não,Não,Não,Sim,Sim,Não
30/11/2025,Sul Americano,8,13,Santos x Quito,Não,Não,Não,Não,Sim,Sim
30/11/2025,Sul Americano,8,16,La Boca x Penarol,Não,Sim,Não,Não,Não,Sim
30/11/2025,Sul Americano,8,19,Avellaneda x Belo Horizonte,Não,Sim,Sim,Não,Não,Não
30/11/2025,Sul Americano,8,22,Buenos Aires x Asuncion,Não,Sim,Sim,Sim,Não,Não
30/11/2025,Sul Americano,8,25,Santiago x Avellaneda,Não,Sim,Sim,Sim,Sim,Não
30/11/2025,Sul Americano,8,28,Montevideo x Porto Alegre,Sim,Não,Não,Não,Não,Não
30/11/2025,Sul Americano,8,31,Medellin x Penarol,Não,Sim,Sim,Sim,Sim,Sim
30/11/2025,Sul Americano,8,34,La Plata x Quito,Não,Não,Sim,Sim,Sim,Sim
30/11/2025,Sul Americano,8,37,Belo Horizonte x Rio de Janeiro,Não,Sim,Não,Sim,Sim,Sim
30/11/2025,Sul Americano,8,40,Medellin x Sao Paulo,Sim,Não,Não,Sim,Não,Não
30/11/2025,Sul Americano,8,43,Porto Alegre x Buenos Aires,Não,Sim,Sim,Sim,Não,Sim
30/11/2025,Sul Americano,8,46,La Plata x La Boca,Não,Não,Sim,Sim,Sim,Não
30/11/2025,Sul Americano,8,49,Santiago x Buenos Aires,Não,Sim,Não,Sim,Sim,Sim
30/11/2025,Sul Americano,8,52,Itaquera x Avellaneda,Não,Sim,Sim,Não,Sim,Sim
30/11/2025,Sul Americano,8,55,Penarol x Bogota,Sim,Não,Não,Não,Sim,Não
30/11/2025,Sul Americano,8,58,Santos x Rio de Janeiro,Não,Sim,Sim,Sim,Sim,Não
30/11/2025,Sul Americano,9,1,Itaquera x Agua Branca,Não,Não,Sim,Sim,Sim,Sim
30/11/2025,Sul Americano,9,4,La Plata x Asuncion,Sim,Não,Sim,Não,Não,Não
30/11/2025,Sul Americano,9,7,Rio de Janeiro x Santos,Não,Sim,Sim,Não,Sim,Sim
30/11/2025,Sul Americano,9,10,Bogota x Santiago,Não,Não,Sim,Sim,Não,Sim
30/11/2025,Sul Americano,9,13,Penarol x Sao Paulo,Não,Sim,Não,Sim,Sim,Não
30/11/2025,Sul Americano,9,16,Buenos Aires x La Plata,Sim,Não,Não,Sim,Não,Não
30/11/2025,Sul Americano,9,19,Penarol x Porto Alegre,Não,Sim,Sim,Sim,Não,Sim
30/11/2025,Sul Americano,9,22,Medellin x Belo Horizonte,Não,Não,Sim,Sim,Sim,Não
30/11/2025,Sul Americano,9,25,Quito x Santiago,Não,Sim,Não,Sim,Sim,Sim
30/11/2025,Sul Americano,9,28,Montevideo x La Plata,Não,Sim,Sim,Não,Sim,Sim
30/11/2025,Sul Americano,9,31,Guayaquil x Quito,Sim,Não,Não,Não,Sim,Não
30/11/2025,Sul Americano,9,34,Itaquera x Asuncion,Não,Sim,Sim,Sim,Sim,Não
30/11/2025,Sul Americano,9,37,La Boca x Rio de Janeiro,Não,Não,Sim,Sim,Sim,Sim
30/11/2025,Sul Americano,9,40,Santos x Buenos Aires,Sim,Não,Sim,Não,Não,Não
30/11/2025,Sul Americano,9,43,Medellin x Asuncion,Não,Sim,Sim,Não,Sim,Sim
30/11/2025,Sul Americano,9,46,Montevideo x Santos,Sim,Sim,Não,Não,Sim,Não
30/11/2025,Sul Americano,9,49,Quito x Lima,Sim,Não,Sim,Não,Não,Sim
30/11/2025,Sul Americano,9,52,Penarol x Asuncion,Não,Não,Sim,Não,Sim,Sim
30/11/2025,Sul Americano,9,55,Avellaneda x Santos,Não,Não,Não,Sim,Não,Sim
30/11/2025,Sul Americano,9,58,Lima x Bogota,Sim,Não,Sim,Sim,Não,Sim
30/11/2025,Sul Americano,10,1,Santos x Santiago,Não,Sim,Sim,Não,Não,Sim
30/11/2025,Sul Americano,10,4,Guayaquil x La Boca,Não,Não,Sim,Sim,Não,Não
30/11/2025,Sul Americano,10,7,Rio de Janeiro x Buenos Aires,Não,Sim,Não,Sim,Sim,Não
30/11/2025,Sul Americano,10,10,Belo Horizonte x Sao Paulo,Sim,Não,Não,Sim,Não,Não
30/11/2025,Sul Americano,10,13,Montevideo x Guayaquil,Não,Sim,Sim,Sim,Não,Sim
30/11/2025,Sul Americano,10,16,Agua Branca x Bogota,Sim,Sim,Não,Não,Não,Sim
30/11/2025,Sul Americano,10,19,Belo Horizonte x Porto Alegre,Não,Sim,Não,Sim,Sim,Sim
30/11/2025,Sul Americano,10,22,Quito x Sao Paulo,Sim,Sim,Não,Sim,Não,Não
30/11/2025,Sul Americano,10,25,Avellaneda x Agua Branca,Sim,Não,Sim,Não,Sim,Não
30/11/2025,Sul Americano,10,28,Buenos Aires x Santiago,Sim,Sim,Não,Sim,Não,Sim
30/11/2025,Sul Americano,10,31,Santos x La Boca,Não,Não,Não,Sim,Não,Sim
30/11/2025,Sul Americano,10,34,La Plata x Porto Alegre,Sim,Sim,Sim,Sim,Não,Sim
30/11/2025,Sul Americano,10,37,Asuncion x Belo Horizonte,Sim,Não,Sim,Sim,Sim,Não
30/11/2025,Sul Americano,10,40,Santiago x La Boca,Sim,Sim,Não,Sim,Sim,Sim
30/11/2025,Sul Americano,10,43,Penarol x Rio de Janeiro,Sim,Sim,Sim,Não,Sim,Sim
30/11/2025,Sul Americano,10,46,Asuncion x Sao Paulo,Sim,Sim,Sim,Sim,Não,Sim
30/11/2025,Sul Americano,10,49,Porto Alegre x Itaquera,Não,Não,Não,Não,Não,Sim
30/11/2025,Sul Americano,10,52,Sao Paulo x Asuncion,Sim,Sim,Sim,Sim,Sim,Sim
30/11/2025,Sul Americano,10,55,Lima x La Boca,Sim,Não,Sim,Sim,Sim,Sim
30/11/2025,Sul Americano,10,58,Penarol x Avellaneda,Sim,Sim,Não,Sim,Sim,Sim
30/11/2025,Sul Americano,11,1,Asuncion x Lima,Sim,Sim,Sim,Não,Sim,Sim
30/11/2025,Sul Americano,11,4,Sao Paulo x Rio de Janeiro,Não,Não,Não,Não,Sim,Não
30/11/2025,Sul Americano,11,7,Agua Branca x Asuncion,Não,Não,Não,Não,Não,Sim
30/11/2025,Sul Americano,11,10,Rio de Janeiro x Quito,Não,Sim,Não,Não,Não,Não
30/11/2025,Sul Americano,11,13,Sao Paulo x Bogota,Sim,Não,Não,Sim,Sim,Sim
30/11/2025,Sul Americano,11,16,Medellin x Santiago,Sim,Não,Não,Não,Sim,Sim
30/11/2025,Sul Americano,11,19,Rio de Janeiro x La Boca,Não,Não,Sim,Sim,Sim,Não
30/11/2025,Sul Americano,11,22,Asuncion x Guayaquil,Não,Não,Não,Sim,Sim,Sim
30/11/2025,Sul Americano,11,25,Penarol x Buenos Aires,Sim,Não,Sim,Sim,Não,Não
30/11/2025,Sul Americano,11,28,Sao Paulo x Agua Branca,Não,Sim,Sim,Não,Não,Sim
30/11/2025,Sul Americano,11,31,Buenos Aires x Montevideo,Não,Não,Sim,Sim,Não,Não
30/11/2025,Sul Americano,11,34,Medellin x La Plata,Não,Sim,Não,Sim,Sim,Não
30/11/2025,Sul Americano,11,37,Agua Branca x Guayaquil,Sim,Não,Não,Sim,Não,Não
30/11/2025,Sul Americano,11,40,Quito x Montevideo,Não,Sim,Sim,Sim,Não,Sim
30/11/2025,Sul Americano,11,43,Rio de Janeiro x La Plata,Não,Não,Sim,Sim,Sim,Não
30/11/2025,Sul Americano,11,46,Montevideo x Asuncion,Não,Sim,Não,Sim,Sim,Sim
30/11/2025,Sul Americano,11,49,Porto Alegre x Lima,Não,Sim,Sim,Não,Sim,Sim
30/11/2025,Sul Americano,11,52,Medellin x La Boca,Não,Sim,Sim,Sim,Não,Sim
30/11/2025,Sul Americano,11,55,Bogota x Agua Branca,Sim,Não,Não,Não,Não,Sim
30/11/2025,Sul Americano,11,58,Medellin x Buenos Aires,Não,Sim,Sim,Sim,Sim,Sim
30/11/2025,Sul Americano,12,1,Guayaquil x Asuncion,Não,Não,Sim,Sim,Sim,Sim
30/11/2025,Sul Americano,12,4,Itaquera x Medellin,Não,Sim,Não,Sim,Sim,Sim
30/11/2025,Sul Americano,12,7,Penarol x La Plata,Não,Sim,Sim,Não,Sim,Sim
30/11/2025,Sul Americano,12,10,La Boca x Belo Horizonte,Sim,Não,Não,Não,Sim,Não
30/11/2025,Sul Americano,12,13,Lima x Guayaquil,Sim,Não,Não,Não,Não,Sim
30/11/2025,Sul Americano,12,16,Bogota x Rio de Janeiro,Não,Não,Sim,Sim,Sim,Sim
30/11/2025,Sul Americano,12,19,La Boca x Sao Paulo,Não,Não,Não,Sim,Sim,Sim
30/11/2025,Sul Americano,12,22,Buenos Aires x Itaquera,Sim,Não,Sim,Sim,Não,Não
30/11/2025,Sul Americano,12,25,Sao Paulo x Belo Horizonte,Sim,Não,Não,Sim,Sim,Não
30/11/2025,Sul Americano,12,28,Lima x Medellin,Não,Não,Sim,Sim,Não,Não
30/11/2025,Sul Americano,12,31,Rio de Janeiro x Guayaquil,Sim,Sim,Sim,Não,Não,Sim
30/11/2025,Sul Americano,12,34,Itaquera x Quito,Não,Sim,Não,Não,Sim,Sim
30/11/2025,Sul Americano,12,37,Belo Horizonte x Avellaneda,Não,Não,Sim,Não,Não,Sim
30/11/2025,Sul Americano,12,40,Buenos Aires x La Boca,Não,Sim,Não,Sim,Não,Não
30/11/2025,Sul Americano,12,43,Rio de Janeiro x Santiago,Sim,Não,Não,Sim,Não,Sim
30/11/2025,Sul Americano,12,46,Avellaneda x Asuncion,Sim,Não,Não,Não,Sim,Não
30/11/2025,Sul Americano,12,49,La Plata x Penarol,Não,Não,Sim,Sim,Sim,Não
30/11/2025,Sul Americano,12,52,Belo Horizonte x Buenos Aires,Sim,Sim,Sim,Não,Não,Não
30/11/2025,Sul Americano,12,55,Itaquera x Penarol,Não,Sim,Não,Não,Sim,Sim
30/11/2025,Sul Americano,12,58,Sao Paulo x Montevideo,Sim,Sim,Não,Sim,Sim,Não
30/11/2025,Sul Americano,13,1,Porto Alegre x Asuncion,Sim,Não,Sim,Não,Sim,Sim
30/11/2025,Sul Americano,13,4,Penarol x Quito,Não,Não,Sim,Não,Sim,Não
30/11/2025,Sul Americano,13,7,Agua Branca x Santos,Não,Não,Não,Sim,Não,Sim
30/11/2025,Sul Americano,13,10,Buenos Aires x Medellin,Não,Sim,Não,Não,Sim,Não
30/11/2025,Sul Americano,13,13,Santiago x Rio de Janeiro,Sim,Não,Não,Sim,Sim,Não
30/11/2025,Sul Americano,13,16,Lima x Belo Horizonte,Sim,Não,Não,Não,Sim,Sim
30/11/2025,Sul Americano,13,19,Quito x Porto Alegre,Sim,Sim,Não,Não,Não,Sim
30/11/2025,Sul Americano,13,22,Sao Paulo x Santiago,Não,Não,Não,Sim,Sim,Sim
30/11/2025,Sul Americano,13,25,La Plata x Rio de Janeiro,Sim,Sim,Sim,Sim,Não,Não
30/11/2025,Sul Americano,13,28,Santos x Sao Paulo,Não,Sim,Não,Não,Não,Sim
30/11/2025,Sul Americano,13,31,Santiago x Medellin,Sim,Sim,Não,Sim,Sim,Sim
30/11/2025,Sul Americano,13,34,Guayaquil x Avellaneda,Não,Sim,Não,Sim,Não,Não
30/11/2025,Sul Americano,13,37,Agua Branca x Belo Horizonte,Sim,Sim,Não,Sim,Não,Sim
30/11/2025,Sul Americano,13,40,Bogota x Guayaquil,Não,Sim,Não,Sim,Não,Sim
30/11/2025,Sul Americano,13,43,La Boca x Santos,Sim,Sim,Não,Sim,Não,Sim
30/11/2025,Sul Americano,13,46,Montevideo x Bogota,Não,Sim,Não,Sim,Não,Sim
30/11/2025,Sul Americano,13,49,Sao Paulo x Penarol,Sim,Sim,Não,Sim,Não,Sim
30/11/2025,Sul Americano,13,52,Santiago x Santos,Sim,Não,Sim,Não,Sim,Não
30/11/2025,Sul Americano,13,55,Quito x Agua Branca,Não,Não,Sim,Não,Sim,Não
30/11/2025,Sul Americano,13,58,La Plata x Buenos Aires,Não,Não,Não,Sim,Não,Sim
30/11/2025,Sul Americano,14,1,Montevideo x Quito,Não,Sim,Não,Não,Sim,Não
30/11/2025,Sul Americano,14,4,Lima x Rio de Janeiro,Sim,Não,Não,Sim,Sim,Não
30/11/2025,Sul Americano,14,7,Asuncion x Santiago,Sim,Não,Não,Não,Sim,Sim
30/11/2025,Sul Americano,14,10,Bogota x Montevideo,Não,Não,Sim,Sim,Sim,Não
30/11/2025,Sul Americano,14,13,Santos x Asuncion,Sim,Sim,Sim,Não,Não,Não
30/11/2025,Sul Americano,14,16,Avellaneda x Santiago,Sim,Não,Sim,Sim,Não,Não
30/11/2025,Sul Americano,14,19,Belo Horizonte x Medellin,Não,Não,Sim,Não,Não,Sim
30/11/2025,Sul Americano,14,22,Avellaneda x Quito,Sim,Sim,Sim,Não,Sim,Sim
30/11/2025,Sul Americano,14,25,Itaquera x La Plata,Não,Sim,Não,Não,Sim,Não
30/11/2025,Sul Americano,14,28,Santos x Avellaneda,Não,Não,Sim,Não,Não,Sim
30/11/2025,Sul Americano,14,31,Asuncion x Quito,Sim,Não,Sim,Não,Sim,Sim
30/11/2025,Sul Americano,14,34,Montevideo x Belo Horizonte,Não,Sim,Sim,Não,Sim,Não
30/11/2025,Sul Americano,14,37,Quito x Santos,Sim,Sim,Não,Não,Sim,Não
30/11/2025,Sul Americano,14,40,La Boca x Agua Branca,Sim,Não,Sim,Não,Não,Sim
30/11/2025,Sul Americano,14,43,Guayaquil x Medellin,Não,Não,Sim,Não,Sim,Sim
30/11/2025,Sul Americano,14,46,Sao Paulo x Buenos Aires,Sim,Sim,Sim,Não,Sim,Não
30/11/2025,Sul Americano,14,49,Bogota x Lima,Sim,Não,Sim,Sim,Não,Sim
30/11/2025,Sul Americano,14,52,Rio de Janeiro x Porto Alegre,Sim,Sim,Não,Sim,Sim,Não
30/11/2025,Sul Americano,14,55,Quito x La Plata,Sim,Sim,Sim,Não,Sim,Sim
30/11/2025,Sul Americano,14,58,Porto Alegre x Rio de Janeiro,Sim,Sim,Sim,Sim,Não,Sim
30/11/2025,Sul Americano,15,1,La Plata x Medellin,Não,Não,Não,Não,Não,Sim
30/11/2025,Sul Americano,15,4,Itaquera x Buenos Aires,Não,Não,Não,Não,Não,Não
30/11/2025,Sul Americano,15,7,La Boca x Lima,Sim,Não,Sim,Sim,Sim,Sim
30/11/2025,Sul Americano,15,10,Santiago x Penarol,Sim,Não,Não,Sim,Sim,Sim
30/11/2025,Sul Americano,15,13,Bogota x Santos,Sim,Sim,Não,Não,Sim,Sim
30/11/2025,Sul Americano,15,16,Belo Horizonte x Lima,Sim,Sim,Sim,Não,Não,Sim
30/11/2025,Sul Americano,15,19,Montevideo x Buenos Aires,Não,Não,Não,Não,Sim,Sim
30/11/2025,Sul Americano,15,22,Avellaneda x La Boca,Sim,Sim,Sim,Sim,Sim,Não
30/11/2025,Sul Americano,15,25,Medellin x Santos,Sim,Não,Sim,Sim,Sim,Sim
30/11/2025,Sul Americano,15,28,Santiago x La Plata,Sim,Sim,Não,Sim,Sim,Sim
30/11/2025,Sul Americano,15,31,Agua Branca x Lima,Não,Não,Não,Sim,Não,Não
30/11/2025,Sul Americano,15,34,Guayaquil x Buenos Aires,Sim,Sim,Sim,Sim,Não,Sim
30/11/2025,Sul Americano,15,37,Itaquera x Santos,Sim,Não,Sim,Sim,Sim,Não
30/11/2025,Euro Cup,15,41,Geórgia x Escócia,Sim,,,,,
30/11/2025,Euro Cup,15,44,Suíça x França,Sim,,,,,
30/11/2025,Euro Cup,15,47,Escócia x Alemanha,Sim,,,,,
30/11/2025,Euro Cup,15,50,Portugal x Geórgia,Não,,,,,
30/11/2025,Euro Cup,15,53,Albânia x Inglaterra,Não,,,,,
30/11/2025,Euro Cup,15,56,Ucrânia x Itália,Não,,,,,
30/11/2025,Euro Cup,15,59,Eslovênia x Dinamarca,Não,,,,,
30/11/2025,Premier League,15,45,United x Newcastle,Sim,,,,,
30/11/2025,Premier League,15,48,Palace x Islington,Sim,,,,,
30/11/2025,Premier League,15,51,Brentford x Watford,Não,,,,,
30/11/2025,Premier League,15,54,West Ham x Aston,Não,,,,,
30/11/2025,Premier League,15,57,Southampton x United,Não,,,,,
30/11/2025,Premier League,16,0,Burnley x Norwich,Sim,,,,,
30/11/2025,Sul Americano,15,40,Guayaquil x La Plata,Não,,,,,
30/11/2025,Sul Americano,15,43,Lima x Itaquera,Sim,,,,,
30/11/2025,Sul Americano,15,46,Medellin x Guayaquil,Sim,,,,,
30/11/2025,Sul Americano,15,49,Lima x Penarol,Sim,,,,,
30/11/2025,Sul Americano,15,54,West Ham x Aston,Não,,,,,
30/11/2025,Sul Americano,15,57,Southampton x United,Não,,,,,
30/11/2025,Sul Americano,16,0,Burnley x Norwich,Sim,,,,,
30/11/2025,Copa do Mundo,15,46,Alemanha x Coreia do Sul,Sim,,,,,
30/11/2025,Copa do Mundo,15,49,México x Senegal,Não,,,,,
30/11/2025,Copa do Mundo,15,52,Coreia do Sul x Dinamarca,Sim,,,,,
30/11/2025,Copa do Mundo,15,55,Camarões x EUA,Sim,,,,,
30/11/2025,Copa do Mundo,15,58,México x Argentina,Sim,,,,,
30/11/2025,Copa do Mundo,16,1,Japão x Espanha,Sim,,,,,
30/11/2025,Sul Americano,15,52,Bogota x Medellin,Não,,,,,
30/11/2025,Sul Americano,15,55,Sao Paulo x La Boca,Não,,,,,
30/11/2025,Sul Americano,15,58,Belo Horizonte x Penarol,Não,,,,,
30/11/2025,Sul Americano,16,1,Rio de Janeiro x Bogota,Não,,,,,
30/11/2025,Sul Americano,16,4,Santos x Belo Horizonte,Não,,,,,
30/11/2025,Euro Cup,16,2,Portugal x Turquia,Sim,,,,,
30/11/2025,Euro Cup,16,5,Itália x Inglaterra,Sim,,,,,
30/11/2025,Euro Cup,16,8,Escócia x Ucrânia,Sim,,,,,
30/11/2025,Premier League,16,3,City x Liverpool,Sim,,,,,
30/11/2025,Premier League,16,6,Brentford x Leeds,Sim,,,,,
30/11/2025,Sul Americano,16,7,Porto Alegre x Montevideo,Sim,,,,,
30/11/2025,Sul Americano,16,10,Santos x Medellin,Não,,,,,
30/11/2025,Copa do Mundo,16,4,País de Gales x EUA,Sim,,,,,
30/11/2025,Copa do Mundo,16,7,Espanha x Polônia,Sim,,,,,
30/11/2025,Copa do Mundo,16,10,Camarões x Croácia,Não,,,,,
